lastnames,country,ISO numeric
Kovalenko,Ukraine,804
Shevchenko,Ukraine,804
Kuznetsov,Ukraine,804
Melnyk,Ukraine,804
Ivanenko,Ukraine,804
Kovalchuk,Ukraine,804
Lysenko,Ukraine,804
Chernenko,Ukraine,804
Bondarenko,Ukraine,804
Romanenko,Ukraine,804
Kostenko,Ukraine,804
Sokolov,Ukraine,804
Kuzmenko,Ukraine,804
Vasilenko,Ukraine,804
Pavlenko,Ukraine,804
Krylov,Ukraine,804
Shcherbak,Ukraine,804
Koval,Ukraine,804
Kuzmin,Ukraine,804
Semenenko,Ukraine,804
Lukyanenko,Ukraine,804
Kucher,Ukraine,804
Kuznetsova,Ukraine,804
Romanova,Ukraine,804
Garcia,Spain,724
Martinez,Spain,724
Rodriguez,Spain,724
Lopez,Spain,724
Gomez,Spain,724
Hernandez,Spain,724
Gonzalez,Spain,724
Sanchez,Spain,724
Perez,Spain,724
Martin,Spain,724
Jimenez,Spain,724
Diaz,Spain,724
Moreno,Spain,724
Alonso,Spain,724
Romero,Spain,724
Torres,Spain,724
Ortega,Spain,724
Molina,Spain,724
Fernandez,Spain,724
Santos,Spain,724
Cabrera,Spain,724
Vazquez,Spain,724
Leon,Spain,724
Ramos,Spain,724
Flores,Spain,724
Cruz,Spain,724
Silva,Spain,724
Nunez,Spain,724
Castillo,Spain,724
Medina,Spain,724
Aguilar,Spain,724
Vega,Spain,724
Rojas,Spain,724
Soto,Spain,724
Mendez,Spain,724
Luna,Spain,724
Quintana,Spain,724
Reyes,Spain,724
Cortes,Spain,724
Bernal,Spain,724
Guerrero,Spain,724
Pacheco,Spain,724
Andersson,Sweden,752
Johansson,Sweden,752
Lundberg,Sweden,752
Svensson,Sweden,752
Pettersson,Sweden,752
Nilsson,Sweden,752
Larsson,Sweden,752
Hansson,Sweden,752
Gustafsson,Sweden,752
Olsson,Sweden,752
Carlsson,Sweden,752
Eriksson,Sweden,752
Jansson,Sweden,752
Persson,Sweden,752
Berglund,Sweden,752
Fransson,Sweden,752
Lindström,Sweden,752
Wahlberg,Sweden,752
Sandberg,Sweden,752
Nordström,Sweden,752
Lundqvist,Sweden,752
Sjöberg,Sweden,752
André,Sweden,752
Holmberg,Sweden,752
Forsberg,Sweden,752
Månsson,Sweden,752
Bengtsson,Sweden,752
Löfgren,Sweden,752
Hedlund,Sweden,752
Jonsson,Sweden,752
Åkerman,Sweden,752
Strandberg,Sweden,752
Lindqvist,Sweden,752
Nyberg,Sweden,752
Sundström,Sweden,752
Haglund,Sweden,752
Lundin,Sweden,752
Börjesson,Sweden,752
Westerberg,Sweden,752
Lindahl,Sweden,752
Nygren,Sweden,752
Müller,Germany,276
Schmidt,Germany,276
Hoffmann,Germany,276
Klein,Germany,276
Fischer,Germany,276
Wagner,Germany,276
Schneider,Germany,276
Becker,Germany,276
Bauer,Germany,276
Richter,Germany,276
Kraus,Germany,276
Schulz,Germany,276
Koch,Germany,276
Lang,Germany,276
Maier,Germany,276
Schwarz,Germany,276
Kaiser,Germany,276
König,Germany,276
Gruber,Germany,276
Huber,Germany,276
Stein,Germany,276
Roth,Germany,276
Kuhn,Germany,276
Kraft,Germany,276
Fuchs,Germany,276
Schmid,Germany,276
Lehmann,Germany,276
Köhler,Germany,276
Kreuzer,Germany,276
Schäfer,Germany,276
Riemann,Germany,276
Kunz,Germany,276
Scholz,Germany,276
Körner,Germany,276
Krug,Germany,276
Schreiber,Germany,276
Kuhlmann,Germany,276
Schulze,Germany,276
Kunkel,Germany,276
Schwartz,Germany,276
Krauss,Germany,276
Schmitz,Germany,276
Heinonen,Finland,246
Virtanen,Finland,246
Korhonen,Finland,246
Mäkinen,Finland,246
Lahtinen,Finland,246
Lehtonen,Finland,246
Järvinen,Finland,246
Koskinen,Finland,246
Räsänen,Finland,246
Salonen,Finland,246
Turunen,Finland,246
Pitkänen,Finland,246
Hämäläinen,Finland,246
Laitinen,Finland,246
Salmela,Finland,246
Niemi,Finland,246
Kujala,Finland,246
Pääkkönen,Finland,246
Rantanen,Finland,246
Määttä,Finland,246
Laine,Finland,246
Kinnunen,Finland,246
Savolainen,Finland,246
Pajunen,Finland,246
Hakala,Finland,246
Kärkkäinen,Finland,246
Rautio,Finland,246
Mikkonen,Finland,246
Lindholm,Finland,246
Kuusisto,Finland,246
Sihvonen,Finland,246
Pohjonen,Finland,246
Hietanen,Finland,246
Kallio,Finland,246
Mäkelä,Finland,246
Lampinen,Finland,246
Koski,Finland,246
Salmi,Finland,246
Niininen,Finland,246
Kujanpää,Finland,246
Rantala,Finland,246
Hansen,Norway,578
Johansen,Norway,578
Andersen,Norway,578
Pedersen,Norway,578
Nilsen,Norway,578
Olsen,Norway,578
Larsen,Norway,578
Jensen,Norway,578
Kristiansen,Norway,578
Sørensen,Norway,578
Rasmussen,Norway,578
Madsen,Norway,578
Nielsen,Norway,578
Petersen,Norway,578
Eriksen,Norway,578
Thorsen,Norway,578
Bakken,Norway,578
Dahl,Norway,578
Eikeland,Norway,578
Fosse,Norway,578
Gundersen,Norway,578
Haugen,Norway,578
Haugland,Norway,578
Hestnes,Norway,578
Holm,Norway,578
Hovland,Norway,578
Høyland,Norway,578
Jacobsen,Norway,578
Jørgensen,Norway,578
Knudsen,Norway,578
Kvamme,Norway,578
Larsgaard,Norway,578
Løvland,Norway,578
Mikkelsen,Norway,578
Nordberg,Norway,578
Nygård,Norway,578
Odegård,Norway,578
Paulsen,Norway,578
Røed,Norway,578
Røstad,Norway,578
Sandvik,Norway,578
Skaar,Norway,578
Skogen,Norway,578
Skoglund,Norway,578
Søiland,Norway,578
Solberg,Norway,578
Stenberg,Norway,578
Strand,Norway,578
Sundal,Norway,578
Svendsen,Norway,578
Sørum,Norway,578
Tangen,Norway,578
Thesen,Norway,578
Tønnessen,Norway,578
Torsvik,Norway,578
Ueland,Norway,578
Vangen,Norway,578
Vestad,Norway,578
Vold,Norway,578
Ødegård,Norway,578
Østensen,Norway,578
Kowalski,Poland,616
Wiśniewski,Poland,616
Dąbrowski,Poland,616
Kozłowski,Poland,616
Jankowski,Poland,616
Wójcik,Poland,616
Kamiński,Poland,616
Szymański,Poland,616
Zieliński,Poland,616
Mazurek,Poland,616
Kowalczyk,Poland,616
Pawlak,Poland,616
Czajkowski,Poland,616
Bąk,Poland,616
Rutkowski,Poland,616
Krupa,Poland,616
Górski,Poland,616
Sokołowski,Poland,616
Kaczmarek,Poland,616
Lisowski,Poland,616
Makowski,Poland,616
Kubiak,Poland,616
Nowak,Poland,616
Piotrowski,Poland,616
Włodarczyk,Poland,616
Kwieciński,Poland,616
Borkowski,Poland,616
Kowalewski,Poland,616
Sobczak,Poland,616
Zalewski,Poland,616
Rossi,Italy,380
Bianchi,Italy,380
Romano,Italy,380
Esposito,Italy,380
Ferrari,Italy,380
Marino,Italy,380
Rizzo,Italy,380
Moretti,Italy,380
De Luca,Italy,380
Conti,Italy,380
Costa,Italy,380
Mancini,Italy,380
Giordano,Italy,380
Ricci,Italy,380
De Santis,Italy,380
Bernardi,Italy,380
Caputo,Italy,380
De Marco,Italy,380
Di Stefano,Italy,380
La Rosa,Italy,380
Torres,Italy,380
Fiorentino,Italy,380
De Angelis,Italy,380
Ruggiero,Italy,380
De Pasquale,Italy,380
Barbieri,Italy,380
De Vita,Italy,380
Di Mauro,Italy,380
De Simone,Italy,380
De Giorgi,Italy,380
De Blasio,Italy,380
De Nardo,Italy,380
De Caro,Italy,380
De Filippo,Italy,380
De Risi,Italy,380
De Tullio,Italy,380
De Cicco,Italy,380
Smith,United Kingdom,826
Taylor,United Kingdom,826
Jones,United Kingdom,826
Brown,United Kingdom,826
Williams,United Kingdom,826
Johnson,United Kingdom,826
Davies,United Kingdom,826
Evans,United Kingdom,826
Thomas,United Kingdom,826
Hall,United Kingdom,826
Walker,United Kingdom,826
White,United Kingdom,826
Martin,United Kingdom,826
Robinson,United Kingdom,826
Wright,United Kingdom,826
Harris,United Kingdom,826
King,United Kingdom,826
Lewis,United Kingdom,826
Clark,United Kingdom,826
Davis,United Kingdom,826
Mitchell,United Kingdom,826
Carter,United Kingdom,826
Phillips,United Kingdom,826
Watson,United Kingdom,826
Brooks,United Kingdom,826
James,United Kingdom,826
Wilson,United Kingdom,826
Anderson,United Kingdom,826
Scott,United Kingdom,826
Morgan,United Kingdom,826
Hughes,United Kingdom,826
Edwards,United Kingdom,826
Parker,United Kingdom,826
Turner,United Kingdom,826
Harrison,United Kingdom,826
Rogers,United Kingdom,826
Foster,United Kingdom,826
Simpson,United Kingdom,826
West,United Kingdom,826
Reynolds,United Kingdom,826
Nelson,United Kingdom,826
Baker,United Kingdom,826
Graham,United Kingdom,826
Sutton,United Kingdom,826
Fraser,United Kingdom,826
Butler,United Kingdom,826
Porter,United Kingdom,826
Russell,United Kingdom,826
Cole,United Kingdom,826
Hill,United Kingdom,826
Slater,United Kingdom,826
Pearson,United Kingdom,826
Fox,United Kingdom,826
Lane,United Kingdom,826
Hunt,United Kingdom,826
Popescu,Romania,642
Dumitru,Romania,642
Ionescu,Romania,642
Stefan,Romania,642
Munteanu,Romania,642
Gheorghe,Romania,642
Vasile,Romania,642
Constantin,Romania,642
Dragomir,Romania,642
Petrescu,Romania,642
 Marinescu,Romania,642
Niculescu,Romania,642
Florescu,Romania,642
Dinu,Romania,642
Cristescu,Romania,642
Mihalache,Romania,642
Rusu,Romania,642
Toma,Romania,642
Gavrila,Romania,642
Badea,Romania,642
Cazacu,Romania,642
Moldovan,Romania,642
Bucur,Romania,642
Dobre,Romania,642
Ilie,Romania,642
Cernea,Romania,642
Balan,Romania,642
Gheorghiu,Romania,642
Tudor,Romania,642
Vladu,Romania,642
Cristea,Romania,642
Muntean,Romania,642
Ghica,Romania,642
Dumitrache,Romania,642
Florea,Romania,642
Nicu,Romania,642
Dragan,Romania,642
Petrache,Romania,642
Mihaiu,Romania,642
Razvanu,Romania,642
Cazan,Romania,642
Gavril,Romania,642
Saskevich,Belarus,112
Kazlou,Belarus,112
Marchenko,Belarus,112
Shydlouski,Belarus,112
Kavalenia,Belarus,112
Lis,Belarus,112
Kazakou,Belarus,112
Hramyka,Belarus,112
Semenenko,Belarus,112
Vasilieu,Belarus,112
Rahachou,Belarus,112
Shyshko,Belarus,112
Kavalionak,Belarus,112
Savitski,Belarus,112
Kazak,Belarus,112
Hrynevich,Belarus,112
Lukashyk,Belarus,112
Semenchuk,Belarus,112
Kazakova,Belarus,112
Rybchanka,Belarus,112
Shydlouskaya,Belarus,112
Lisovski,Belarus,112
Papadopoulos,Greece,300
Georgiou,Greece,300
Nikolaidis,Greece,300
Kontogiannis,Greece,300
Rizos,Greece,300
Lambrakis,Greece,300
Vasilopoulos,Greece,300
Papadimitriou,Greece,300
Karamanos,Greece,300
Sotiropoulos,Greece,300
Ioannou,Greece,300
Christodoulou,Greece,300
Papachristou,Greece,300
Koukou,Greece,300
Georgiadis,Greece,300
Papagiannis,Greece,300
Nikolaou,Greece,300
Katsaros,Greece,300
Roussos,Greece,300
Papakonstantinou,Greece,300
Lazarou,Greece,300
Vlahos,Greece,300
Papadakis,Greece,300
Giannakopoulos,Greece,300
Kokkinos,Greece,300
Papazoglou,Greece,300
Sarris,Greece,300
Papachristodoulou,Greece,300
Karamanlis,Greece,300
Rallis,Greece,300
Papagiannopoulos,Greece,300
Nikolopoulos,Greece,300
Katsanos,Greece,300
Papakostas,Greece,300
Laskos,Greece,300
Vasilakos,Greece,300
Giannopoulos,Greece,300
Kokkoris,Greece,300
Papazisis,Greece,300
Sarantopoulos,Greece,300
Rizopoulos,Greece,300
Lazaridis,Greece,300
Vlahakis,Greece,300
Giannakidis,Greece,300
Kokkinakis,Greece,300
Ivanov,Bulgaria,100
Petrov,Bulgaria,100
Nikolov,Bulgaria,100
Georgiev,Bulgaria,100
Dimitrov,Bulgaria,100
Stefanov,Bulgaria,100
Todorov,Bulgaria,100
Vasilev,Bulgaria,100
Mihaylov,Bulgaria,100
Rusev,Bulgaria,100
Kolev,Bulgaria,100
Pavlov,Bulgaria,100
Atanasov,Bulgaria,100
Dimitrova,Bulgaria,100
Vladimirov,Bulgaria,100
Mladenov,Bulgaria,100
Stoyanov,Bulgaria,100
Nikolova,Bulgaria,100
Iliev,Bulgaria,100
Rumenov,Bulgaria,100
Kostadinov,Bulgaria,100
Velinov,Bulgaria,100
Tsvetkov,Bulgaria,100
Bozhkov,Bulgaria,100
Genchev,Bulgaria,100
Penev,Bulgaria,100
Kuzmanov,Bulgaria,100
Ralev,Bulgaria,100
Vasileva,Bulgaria,100
Simeonov,Bulgaria,100
Tanev,Bulgaria,100
Nedelchev,Bulgaria,100
Lazarov,Bulgaria,100
Vladimirova,Bulgaria,100
Radoslavov,Bulgaria,100
Tsonkov,Bulgaria,100
Kostova,Bulgaria,100
Dobreva,Bulgaria,100
Petrova,Bulgaria,100
Georgieva,Bulgaria,100
Arnarson,Iceland,352
Ásgeirsson,Iceland,352
Bjarnason,Iceland,352
Björnsson,Iceland,352
Dalsson,Iceland,352
Einarsdóttir,Iceland,352
Eiríksdóttir,Iceland,352
Eyjólfsson,Iceland,352
Finnbogason,Iceland,352
Gíslasson,Iceland,352
Gudmundsson,Iceland,352
Gunnarsson,Iceland,352
Gunnlaugsson,Iceland,352
Hallsson,Iceland,352
Hauksson,Iceland,352
Helgason,Iceland,352
Hjálmarsson,Iceland,352
Hreiðarsson,Iceland,352
Ingólfsson,Iceland,352
Jóhannesson,Iceland,352
Jónsson,Iceland,352
Karlsson,Iceland,352
Kristjánsson,Iceland,352
Larusson,Iceland,352
Laxdalsson,Iceland,352
 Magnússon,Iceland,352
Marteinsson,Iceland,352
Matthíasdóttir,Iceland,352
Melkorksson,Iceland,352
Ólafsson,Iceland,352
Óskarsson,Iceland,352
Pálsson,Iceland,352
Ragnarsson,Iceland,352
Reykjavíksson,Iceland,352
Róbertsson,Iceland,352
Salómonsson,Iceland,352
Sigmundsson,Iceland,352
Sigurðsson,Iceland,352
Snæbjörnsson,Iceland,352
Sóleyjárnsson,Iceland,352
Steinþórsson,Iceland,352
Þórarinnsson,Iceland,352
Þórðursson,Iceland,352
Þórunnsson,Iceland,352
Valbjörnsson,Iceland,352
Vésteinnsson,Iceland,352
Vigfússon,Iceland,352
Vilhjálmsson,Iceland,352
Ýmirsson,Iceland,352
Silva,Portugal,620
Santos,Portugal,620
Oliveira,Portugal,620
Costa,Portugal,620
Pereira,Portugal,620
Ferreira,Portugal,620
Almeida,Portugal,620
Ribeiro,Portugal,620
Gomes,Portugal,620
Lopes,Portugal,620
Martins,Portugal,620
Neves,Portugal,620
Carvalho,Portugal,620
Teixeira,Portugal,620
Mendes,Portugal,620
Araújo,Portugal,620
Barbosa,Portugal,620
Fonseca,Portugal,620
Castro,Portugal,620
Pinto,Portugal,620
Moura,Portugal,620
Vieira,Portugal,620
Sousa,Portugal,620
Nunes,Portugal,620
Gonçalves,Portugal,620
Cunha,Portugal,620
Brito,Portugal,620
Moreira,Portugal,620
Pacheco,Portugal,620
Reis,Portugal,620
Lima,Portugal,620
Machado,Portugal,620
Correia,Portugal,620
Faria,Portugal,620
Simões,Portugal,620
Marques,Portugal,620
Coelho,Portugal,620
Tavares,Portugal,620
Azevedo,Portugal,620
Novák,Czech Republic,203
Svobodová,Czech Republic,203
Kovář,Czech Republic,203
Černý,Czech Republic,203
Hájek,Czech Republic,203
Šťastný,Czech Republic,203
Dvořák,Czech Republic,203
Procházka,Czech Republic,203
Kříž,Czech Republic,203
Veselý,Czech Republic,203
Bartoň,Czech Republic,203
Šťovíková,Czech Republic,203
Havlík,Czech Republic,203
Král,Czech Republic,203
Růžička,Czech Republic,203
Šimůnek,Czech Republic,203
Mareš,Czech Republic,203
Fiala,Czech Republic,203
Krejčí,Czech Republic,203
Urban,Czech Republic,203
Holub,Czech Republic,203
Šulc,Czech Republic,203
Kučera,Czech Republic,203
Vágner,Czech Republic,203
Havlíčková,Czech Republic,203
Kolář,Czech Republic,203
Pospíšil,Czech Republic,203
Šťovíček,Czech Republic,203
Hájová,Czech Republic,203
Beneš,Czech Republic,203
Křížová,Czech Republic,203
Veselá,Czech Republic,203
Bartoňová,Czech Republic,203
Šulcová,Czech Republic,203
Kolářová,Czech Republic,203
Pospíšilová,Czech Republic,203
Jensen,Denmark,208
Hansen,Denmark,208
Nielsen,Denmark,208
Andersen,Denmark,208
Pedersen,Denmark,208
Christensen,Denmark,208
Larsen,Denmark,208
Madsen,Denmark,208
Petersen,Denmark,208
Olsen,Denmark,208
Sørensen,Denmark,208
Rasmussen,Denmark,208
Jørgensen,Denmark,208
Mikkelsen,Denmark,208
Thomsen,Denmark,208
Kristensen,Denmark,208
Haugaard,Denmark,208
Bendsen,Denmark,208
Eriksen,Denmark,208
Knudsen,Denmark,208
Frandsen,Denmark,208
Svendsen,Denmark,208
Jespersen,Denmark,208
Møller,Denmark,208
Laursen,Denmark,208
Henriksen,Denmark,208
Villadsen,Denmark,208
Bruun,Denmark,208
Rønne,Denmark,208
Kjær,Denmark,208
Skov,Denmark,208
Bæk,Denmark,208
Thygesen,Denmark,208
Vestergaard,Denmark,208
Højbjerg,Denmark,208
Fogh,Denmark,208
Lindberg,Denmark,208
Bøggild,Denmark,208
Hartmann,Denmark,208
Németh,Hungary,348
Kovács,Hungary,348
Tóth,Hungary,348
Szabó,Hungary,348
Farkas,Hungary,348
Molnár,Hungary,348
Varga,Hungary,348
Hegedüs,Hungary,348
Kiss,Hungary,348
Nagy,Hungary,348
Fekete,Hungary,348
Balogh,Hungary,348
Rózsa,Hungary,348
Simon,Hungary,348
Horváth,Hungary,348
Juhász,Hungary,348
Gál,Hungary,348
Lakatos,Hungary,348
Fodor,Hungary,348
Papp,Hungary,348
Szekeres,Hungary,348
Mészáros,Hungary,348
Kocsis,Hungary,348
Takács,Hungary,348
Barna,Hungary,348
Sipos,Hungary,348
Győri,Hungary,348
Fehér,Hungary,348
Király,Hungary,348
Böhm,Hungary,348
Sánta,Hungary,348
Török,Hungary,348
Pécsi,Hungary,348
Kertész,Hungary,348
Vörös,Hungary,348
Bajcsi,Hungary,348
Rácz,Hungary,348
Szluka,Hungary,348
Borbás,Hungary,348
Tóbiás,Hungary,348
Hajdu,Hungary,348
Jović,Serbia,688
Petrović,Serbia,688
Stojanović,Serbia,688
Marković,Serbia,688
Janković,Serbia,688
Vasić,Serbia,688
Milošević,Serbia,688
Lazić,Serbia,688
Ristić,Serbia,688
Nikolić,Serbia,688
Gajić,Serbia,688
Stevanović,Serbia,688
Živanović,Serbia,688
Kovačević,Serbia,688
Vuković,Serbia,688
Radović,Serbia,688
Ilić,Serbia,688
Mitrović,Serbia,688
Todorović,Serbia,688
Božović,Serbia,688
Savić,Serbia,688
Dimitrijević,Serbia,688
Mihajlović,Serbia,688
Ćosić,Serbia,688
Lukić,Serbia,688
Cvetković,Serbia,688
Stanojević,Serbia,688
Radojičić,Serbia,688
Bogić,Serbia,688
Jelić,Serbia,688
Gvozdenović,Serbia,688
Mladenović,Serbia,688
Sretenović,Serbia,688
Vujović,Serbia,688
Krstić,Serbia,688
Dujović,Serbia,688
Rajić,Serbia,688
Bajić,Serbia,688
Mijović,Serbia,688
Golubović,Serbia,688
Vujadinović,Serbia,688
Jovanović,Serbia,688
Huber,Austria,40
Gruber,Austria,40
Fuchs,Austria,40
Moser,Austria,40
Wagner,Austria,40
Pichler,Austria,40
Schmid,Austria,40
Fischer,Austria,40
Weber,Austria,40
Klein,Austria,40
Bauer,Austria,40
Schwarz,Austria,40
Mayer,Austria,40
Hofmann,Austria,40
Kraus,Austria,40
Riedl,Austria,40
Steiner,Austria,40
Lang,Austria,40
Friedl,Austria,40
Eder,Austria,40
Hartmann,Austria,40
Schuster,Austria,40
Koller,Austria,40
Binder,Austria,40
Winkler,Austria,40
Schreiber,Austria,40
Leitner,Austria,40
Kolm,Austria,40
Rainer,Austria,40
Singer,Austria,40
Stolz,Austria,40
Fellner,Austria,40
Höller,Austria,40
König,Austria,40
Perner,Austria,40
Rath,Austria,40
Scheiber,Austria,40
Siegel,Austria,40
Sturm,Austria,40
Tauscher,Austria,40
Uhl,Austria,40
Vogl,Austria,40
Waldmann,Austria,40
Weinberger,Austria,40
Zimmermann,Austria,40
O'Brien,Ireland,372
Walsh,Ireland,372
Kelly,Ireland,372
Ryan,Ireland,372
Daly,Ireland,372
Murphy,Ireland,372
Byrne,Ireland,372
Sullivan,Ireland,372
Connor,Ireland,372
McCarthy,Ireland,372
Doyle,Ireland,372
Griffin,Ireland,372
Sheehan,Ireland,372
Gleeson,Ireland,372
Kavanagh,Ireland,372
Fitzgerald,Ireland,372
Lynch,Ireland,372
Cahill,Ireland,372
Murray,Ireland,372
Quinn,Ireland,372
Dunne,Ireland,372
O'Connor,Ireland,372
Kennedy,Ireland,372
McGrath,Ireland,372
Hickey,Ireland,372
Maher,Ireland,372
O'Neill,Ireland,372
Reilly,Ireland,372
Flynn,Ireland,372
Slattery,Ireland,372
Cullen,Ireland,372
Bourke,Ireland,372
Hogan,Ireland,372
Tobin,Ireland,372
Moore,Ireland,372
Hurley,Ireland,372
Lane,Ireland,372
Foley,Ireland,372
Healy,Ireland,372
Dillon,Ireland,372
Cody,Ireland,372
Kearney,Ireland,372
Meehan,Ireland,372
Donovan,Ireland,372
Adomaitis,Lithuania,440
Girčius,Lithuania,440
Rimkus,Lithuania,440
Vaitkus,Lithuania,440
Aleksandravičius,Lithuania,440
Gražytė,Lithuania,440
Rinkevičius,Lithuania,440
Vėlius,Lithuania,440
Dagys,Lithuania,440
Ambraziūnas,Lithuania,440
Gudaitis,Lithuania,440
Rimša,Lithuania,440
Vaičiūnas,Lithuania,440
Aleksiejūnas,Lithuania,440
Gvildienė,Lithuania,440
Rinkūnas,Lithuania,440
Vėlavičius,Lithuania,440
Andriuškevičius,Lithuania,440
Gražulevičius,Lithuania,440
Rimantas,Lithuania,440
Vėlioniškis,Lithuania,440
Antanavičius,Lithuania,440
Gudonienė,Lithuania,440
Rokas,Lithuania,440
Arlauskis,Lithuania,440
Ivanauskas,Lithuania,440
Salomėja,Lithuania,440
Žukauskas,Lithuania,440
Astikaitė,Lithuania,440
Ivanauskienė,Lithuania,440
Saulėnas,Lithuania,440
Žvirblis,Lithuania,440
Audickas,Lithuania,440
Simanavičius,Lithuania,440
Žukauskienė,Lithuania,440
Aurelijus,Lithuania,440
Stasiūnas,Lithuania,440
Žvirgždas,Lithuania,440
Ozoliņš,Latvia,428
Kalniņš,Latvia,428
Bērziņš,Latvia,428
Ēķis,Latvia,428
Jansons,Latvia,428
Līcīte,Latvia,428
Rūsiņš,Latvia,428
Ieviņš,Latvia,428
Kļaviņš,Latvia,428
Dālberga,Latvia,428
Auzāns,Latvia,428
Līdums,Latvia,428
Eglītis,Latvia,428
Sīmanis,Latvia,428
Gailītis,Latvia,428
Bāliņš,Latvia,428
Mārtiņš,Latvia,428
Āboltiņš,Latvia,428
Jēkabsons,Latvia,428
Līpe,Latvia,428
Raiņiš,Latvia,428
Ikaunieks,Latvia,428
Kļava,Latvia,428
Dzelzītis,Latvia,428
Arenda,Latvia,428
Līdēns,Latvia,428
Eihmans,Latvia,428
Sproģis,Latvia,428
Griķis,Latvia,428
Bērzīns,Latvia,428
Mārtins,Latvia,428
Āboltiņa,Latvia,428
Kovač,Croatia,191
Babić,Croatia,191
Horvat,Croatia,191
Matić,Croatia,191
Jurić,Croatia,191
Kovačić,Croatia,191
Pavić,Croatia,191
Martinović,Croatia,191
Šarić,Croatia,191
Blažić,Croatia,191
Vuković,Croatia,191
Miloš,Croatia,191
Križan,Croatia,191
Jelavić,Croatia,191
Majstorović,Croatia,191
Kovačević,Croatia,191
Petrović,Croatia,191
Ristić,Croatia,191
Šimunić,Croatia,191
Hodžić,Bosnia and Herzegovina,70
Ćorić,Bosnia and Herzegovina,70
Mujkić,Bosnia and Herzegovina,70
Kovačević,Bosnia and Herzegovina,70
Begić,Bosnia and Herzegovina,70
Džumhur,Bosnia and Herzegovina,70
Ćemalović,Bosnia and Herzegovina,70
Prljić,Bosnia and Herzegovina,70
Živanović,Bosnia and Herzegovina,70
Kovač,Bosnia and Herzegovina,70
Mulić,Bosnia and Herzegovina,70
Delić,Bosnia and Herzegovina,70
Ćatić,Bosnia and Herzegovina,70
Babić,Bosnia and Herzegovina,70
Ćorović,Bosnia and Herzegovina,70
Mehmedović,Bosnia and Herzegovina,70
Koljić,Bosnia and Herzegovina,70
Hlavac,Slovakia,703
Slovak,Slovakia,703
Novak,Slovakia,703
Kovac,Slovakia,703
Hajduk,Slovakia,703
Miklos,Slovakia,703
Sedlak,Slovakia,703
Varga,Slovakia,703
Krajcovic,Slovakia,703
Hruby,Slovakia,703
Danko,Slovakia,703
Benes,Slovakia,703
Kolar,Slovakia,703
Sabo,Slovakia,703
Hudec,Slovakia,703
Fedor,Slovakia,703
Kovacs,Slovakia,703
Molnar,Slovakia,703
Szigeti,Slovakia,703
Hornak,Slovakia,703
Kiss,Slovakia,703
Csepcsansky,Slovakia,703
Gabor,Slovakia,703
Laczkovics,Slovakia,703
Hajnal,Slovakia,703
Kovacsik,Slovakia,703
Farkas,Slovakia,703
Sedivy,Slovakia,703
Hlavaty,Slovakia,703
Kolarik,Slovakia,703
Hudekova,Slovakia,703
Bartos,Slovakia,703
Krajcik,Slovakia,703
Benesova,Slovakia,703
Kolarova,Slovakia,703
Tamm,Estonia,233
Kask,Estonia,233
Mägi,Estonia,233
Raudsepp,Estonia,233
Kõiv,Estonia,233
Lind,Estonia,233
Jõesaar,Estonia,233
Võsu,Estonia,233
Kõrv,Estonia,233
Eigi,Estonia,233
Kuusik,Estonia,233
Raud,Estonia,233
Mõttus,Estonia,233
Kõresaar,Estonia,233
Liiv,Estonia,233
Jõgi,Estonia,233
Võõmaa,Estonia,233
Kõmmussaar,Estonia,233
Eikla,Estonia,233
Kuuskmaa,Estonia,233
Raudsep,Estonia,233
Mõis,Estonia,233
Kõivup,Estonia,233
Lindu,Estonia,233
Jõesaare,Estonia,233
Võhk,Estonia,233
Kõrvu,Estonia,233
Eigla,Estonia,233
Kuuskmann,Estonia,233
Raudu,Estonia,233
Mõtt,Estonia,233
Kõresaare,Estonia,233
Liivu,Estonia,233
Jõe,Estonia,233
Võõm,Estonia,233
Kõmmussaare,Estonia,233
Eiklu,Estonia,233
Kuuskma,Estonia,233
Raudvee,Estonia,233
Mõisu,Estonia,233
Kõivupu,Estonia,233
Jõesaaru,Estonia,233
Võhku,Estonia,233
Eiglu,Estonia,233
Bakker,Netherlands,528
Jansen,Netherlands,528
De Vries,Netherlands,528
Van den Berg,Netherlands,528
Smit,Netherlands,528
De Jong,Netherlands,528
Hofman,Netherlands,528
Van der Meer,Netherlands,528
Kuiper,Netherlands,528
De Wit,Netherlands,528
Bosch,Netherlands,528
Van der Velden,Netherlands,528
Dijkstra,Netherlands,528
Van Leeuwen,Netherlands,528
Scholten,Netherlands,528
De Graaf,Netherlands,528
Kroon,Netherlands,528
Van der Linden,Netherlands,528
Hendriks,Netherlands,528
De Haan,Netherlands,528
Veldman,Netherlands,528
Van der Wal,Netherlands,528
Koster,Netherlands,528
De Vos,Netherlands,528
Brouwer,Netherlands,528
Scheepers,Netherlands,528
De Koning,Netherlands,528
Van der Laan,Netherlands,528
Hartman,Netherlands,528
De Ruiter,Netherlands,528
Veenstra,Netherlands,528
Kramer,Netherlands,528
De Witte,Netherlands,528
Bergman,Netherlands,528
Schoemaker,Netherlands,528
De Graaff,Netherlands,528
Kroes,Netherlands,528
Hendriksen,Netherlands,528
Veldkamp,Netherlands,528
Fuchs,Switzerland,756
Müller,Switzerland,756
Roth,Switzerland,756
Schmid,Switzerland,756
Hofmann,Switzerland,756
Keller,Switzerland,756
Weber,Switzerland,756
Brunner,Switzerland,756
Zürcher,Switzerland,756
Meier,Switzerland,756
Häni,Switzerland,756
Bär,Switzerland,756
Schneider,Switzerland,756
Wagner,Switzerland,756
Risi,Switzerland,756
Burkhard,Switzerland,756
Studer,Switzerland,756
Kuhn,Switzerland,756
Gerber,Switzerland,756
Rüegg,Switzerland,756
Hohl,Switzerland,756
Schwab,Switzerland,756
Imhof,Switzerland,756
Kaufmann,Switzerland,756
Rösti,Switzerland,756
Baumann,Switzerland,756
Lehmann,Switzerland,756
Zimmermann,Switzerland,756
Huber,Switzerland,756
Steiner,Switzerland,756
Schulz,Switzerland,756
Rieder,Switzerland,756
König,Switzerland,756
Graber,Switzerland,756
Schmidlin,Switzerland,756
Wyss,Switzerland,756
Böni,Switzerland,756
Ryf,Switzerland,756
Cebanu,Moldova,498
Grosu,Moldova,498
Cerbu,Moldova,498
Bivol,Moldova,498
Munteanu,Moldova,498
Gheorghiu,Moldova,498
Cimbru,Moldova,498
Baciu,Moldova,498
Moldovanu,Moldova,498
Gavriliuc,Moldova,498
Cucos,Moldova,498
Buzatu,Moldova,498
Mihalachi,Moldova,498
Ghica,Moldova,498
Cernea,Moldova,498
Bacal,Moldova,498
Muntean,Moldova,498
Gheorghita,Moldova,498
Cimpoi,Moldova,498
Moldovan,Moldova,498
Cuculea,Moldova,498
Buznea,Moldova,498
Mihalache,Moldova,498
Cernei,Moldova,498
Bacalbasa,Moldova,498
Cimpoeru,Moldova,498
Cuculeanu,Moldova,498
Dewaele,Belgium,56
Janssens,Belgium,56
Peeters,Belgium,56
Debruyne,Belgium,56
Vandenberghe,Belgium,56
Dujardin,Belgium,56
De Clercq,Belgium,56
Wouters,Belgium,56
De Cock,Belgium,56
Vandenbroeck,Belgium,56
Demeester,Belgium,56
De Smet,Belgium,56
Vandamme,Belgium,56
De Bruyn,Belgium,56
Dierckx,Belgium,56
De Vos,Belgium,56
Vandenbosch,Belgium,56
Dewulf,Belgium,56
De Winter,Belgium,56
Vandenberg,Belgium,56
De Keyser,Belgium,56
De Meester,Belgium,56
Vandecasteele,Belgium,56
De Backer,Belgium,56
Dewit,Belgium,56
De Graeve,Belgium,56
Vandenhoeck,Belgium,56
De Ridder,Belgium,56
Deweerdt,Belgium,56
De Belder,Belgium,56
Vandenhoven,Belgium,56
De Cockx,Belgium,56
Dewachter,Belgium,56
De Sutter,Belgium,56
Vandendriessche,Belgium,56
De Coster,Belgium,56
De Schutter,Belgium,56
Kastrati,Albania,8
Hoxha,Albania,8
Kurti,Albania,8
Rama,Albania,8
Leka,Albania,8
Kodra,Albania,8
Kelmendi,Albania,8
Shala,Albania,8
Gjoni,Albania,8
Kuka,Albania,8
Hajdari,Albania,8
Krasniqi,Albania,8
Rexhepi,Albania,8
Kolaj,Albania,8
Hoxhaj,Albania,8
Kurtaj,Albania,8
Lekaj,Albania,8
Kodraj,Albania,8
Shalaj,Albania,8
Gjonaj,Albania,8
Kukaj,Albania,8
Hajdaraj,Albania,8
Rexhepaj,Albania,8
Ilievski,Macedonia,807
Stojkovski,Macedonia,807
Jovanovski,Macedonia,807
Risteski,Macedonia,807
Kostovski,Macedonia,807
Mitkovski,Macedonia,807
Vasilevski,Macedonia,807
Trajkovski,Macedonia,807
Jankovski,Macedonia,807
Kuzmanovski,Macedonia,807
Stevkovski,Macedonia,807
Rajkovski,Macedonia,807
Gjorgievski,Macedonia,807
Krstanovski,Macedonia,807
Vasiljevski,Macedonia,807
Mitreski,Macedonia,807
Kocevski,Macedonia,807
Jakovski,Macedonia,807
Stojanovski,Macedonia,807
Ristovski,Macedonia,807
Kovač,Slovenia,705
Novak,Slovenia,705
Kranjc,Slovenia,705
Kovačič,Slovenia,705
Jakovčič,Slovenia,705
Petrovič,Slovenia,705
Koren,Slovenia,705
Žagar,Slovenia,705
Koželj,Slovenia,705
Kastelic,Slovenia,705
Vidmar,Slovenia,705
Pintar,Slovenia,705
Kos,Slovenia,705
Žnidar,Slovenia,705
Vuković,Montenegro,499
Popović,Montenegro,499
Jović,Montenegro,499
Radović,Montenegro,499
Vujović,Montenegro,499
Mitrović,Montenegro,499
Kovačević,Montenegro,499
Vasiljević,Montenegro,499
Janković,Montenegro,499
Rajković,Montenegro,499
Živanović,Montenegro,499
Stevanović,Montenegro,499
Milutinović,Montenegro,499
Vukadinović,Montenegro,499
Jelić,Montenegro,499
Ristić,Montenegro,499
Vujadinović,Montenegro,499
Krstić,Montenegro,499
Georgiou,Cyprus,196
Christodoulou,Cyprus,196
Kyriakou,Cyprus,196
Papadopoulos,Cyprus,196
Michaelides,Cyprus,196
Nicolaou,Cyprus,196
Christofi,Cyprus,196
Papadopoulou,Cyprus,196
Georgiadis,Cyprus,196
Kyriacou,Cyprus,196
Michaelidou,Cyprus,196
Nicolaides,Cyprus,196
Christoforou,Cyprus,196
Papadopoulo,Cyprus,196
Georgiades,Cyprus,196
Kyriakides,Cyprus,196
Georgiadou,Cyprus,196
Wagner,Luxembourg,442
Schmit,Luxembourg,442
Krier,Luxembourg,442
Weber,Luxembourg,442
Muller,Luxembourg,442
Reuter,Luxembourg,442
Thill,Luxembourg,442
Braun,Luxembourg,442
Kieffer,Luxembourg,442
Hansen,Luxembourg,442
Fabry,Luxembourg,442
Klein,Luxembourg,442
Stein,Luxembourg,442
Schneider,Luxembourg,442
Becker,Luxembourg,442
Faber,Luxembourg,442
Martin,Luxembourg,442
Kremer,Luxembourg,442
Schmitz,Luxembourg,442
Thommen,Luxembourg,442
Weydert,Luxembourg,442
Gilles,Luxembourg,442
Kirsch,Luxembourg,442
Roth,Luxembourg,442
Schwartz,Luxembourg,442
Kohn,Luxembourg,442
May,Luxembourg,442
Kopp,Luxembourg,442
Schlesser,Luxembourg,442
Thillmann,Luxembourg,442
Krein,Luxembourg,442
Schmitzberger,Luxembourg,442
Rehlinger,Luxembourg,442
Kunz,Luxembourg,442
Scholer,Luxembourg,442
Thom,Luxembourg,442
Joensen,Faroe Is.,234
Petersen,Faroe Is.,234
Andersen,Faroe Is.,234
Hansen,Faroe Is.,234
Jensen,Faroe Is.,234
Mikkelsen,Faroe Is.,234
Sørensen,Faroe Is.,234
Rasmussen,Faroe Is.,234
Christiansen,Faroe Is.,234
Nielsen,Faroe Is.,234
 Olsen,Faroe Is.,234
Danielsen,Faroe Is.,234
Thomsen,Faroe Is.,234
Jacobsen,Faroe Is.,234
Henriksen,Faroe Is.,234
Samuelsen,Faroe Is.,234
Matras,Faroe Is.,234
Davidsen,Faroe Is.,234
Simonsen,Faroe Is.,234
Hentze,Faroe Is.,234
Poulsen,Faroe Is.,234
Sivertsen,Faroe Is.,234
Egholm,Faroe Is.,234
Johannesen,Faroe Is.,234
Højgaard,Faroe Is.,234
Fríðriksson,Faroe Is.,234
Gestsson,Faroe Is.,234
Skaale,Faroe Is.,234
Gregersen,Faroe Is.,234
Havsteen,Faroe Is.,234
Iverson,Faroe Is.,234
Kallsberg,Faroe Is.,234
Kjølbro,Faroe Is.,234
Klein,Faroe Is.,234
Krogh,Faroe Is.,234
Larsen,Faroe Is.,234
Lorentzen,Faroe Is.,234
Magnussen,Faroe Is.,234
Mortensen,Faroe Is.,234
Møller,Faroe Is.,234
Nolsø,Faroe Is.,234
Næs,Faroe Is.,234
Olsen,Faroe Is.,234
Patursson,Faroe Is.,234
Pauli,Faroe Is.,234
Samuelsson,Faroe Is.,234
Casaubon,Andorra,20
Vilanova,Andorra,20
Farrera,Andorra,20
Calaf,Andorra,20
Riba,Andorra,20
Camps,Andorra,20
Forné,Andorra,20
Garcia,Andorra,20
Riera,Andorra,20
Pujol,Andorra,20
Ferrer,Andorra,20
Bosch,Andorra,20
Ribó,Andorra,20
Cerdà,Andorra,20
Fàbregas,Andorra,20
Grau,Andorra,20
Valls,Andorra,20
Folch,Andorra,20
Casañé,Andorra,20
Rovira,Andorra,20
Fuster,Andorra,20
Borràs,Andorra,20
Carreras,Andorra,20
Farré,Andorra,20
González,Andorra,20
Roca,Andorra,20
Forns,Andorra,20
Vidal,Andorra,20
Micallef,Malta,470
Vella,Malta,470
Borg,Malta,470
Schembri,Malta,470
Fenech,Malta,470
Zammit,Malta,470
Gauci,Malta,470
Cuschieri,Malta,470
Debono,Malta,470
Mamo,Malta,470
Bartolo,Malta,470
Cassar,Malta,470
Attard,Malta,470
Said,Malta,470
Abela,Malta,470
Ciantar,Malta,470
Farrugia,Malta,470
Bonnici,Malta,470
Agius,Malta,470
Spiteri,Malta,470
Calleja,Malta,470
Galea,Malta,470
Mifsud,Malta,470
Caruana,Malta,470
Bugeja,Malta,470
Tanti,Malta,470
Formosa,Malta,470
Mercieca,Malta,470
Pisani,Malta,470
Savona,Malta,470
Vassallo,Malta,470
De Marco,Malta,470
Buttigieg,Malta,470
Cordina,Malta,470
Grima,Malta,470
Xuereb,Malta,470
Falzon,Malta,470
Scerri,Malta,470
Azzopardi,Malta,470
Camilleri,Malta,470
Pace,Malta,470
Debattista,Malta,470
Büchel,Liechtenstein,438
Schädler,Liechtenstein,438
Kieber,Liechtenstein,438
Eberle,Liechtenstein,438
Ospelt,Liechtenstein,438
Risch,Liechtenstein,438
Frick,Liechtenstein,438
Hilti,Liechtenstein,438
Bürzle,Liechtenstein,438
Schlauri,Liechtenstein,438
Kranz,Liechtenstein,438
Ender,Liechtenstein,438
Scherrer,Liechtenstein,438
Brunner,Liechtenstein,438
Fauscher,Liechtenstein,438
Hilbe,Liechtenstein,438
Ritter,Liechtenstein,438
Schwizer,Liechtenstein,438
Koller,Liechtenstein,438
Egli,Liechtenstein,438
Schmid,Liechtenstein,438
Fleisch,Liechtenstein,438
Hörmann,Liechtenstein,438
Rüesch,Liechtenstein,438
Schlösser,Liechtenstein,438
Kaufmann,Liechtenstein,438
Eberhard,Liechtenstein,438
Schreiber,Liechtenstein,438
Fehr,Liechtenstein,438
Hilty,Liechtenstein,438
Röösli,Liechtenstein,438
Koch,Liechtenstein,438
Fischer,Liechtenstein,438
Höfler,Liechtenstein,438
Rüttimann,Liechtenstein,438
Le Page,Guernsey,831
Carey,Guernsey,831
Tostevin,Guernsey,831
Fallon,Guernsey,831
Le Maitre,Guernsey,831
Bisson,Guernsey,831
Le Prevost,Guernsey,831
Renouf,Guernsey,831
Le Gallez,Guernsey,831
De Garis,Guernsey,831
Le Cras,Guernsey,831
Tupper,Guernsey,831
Le Quesne,Guernsey,831
Brett,Guernsey,831
Le Feuvre,Guernsey,831
Gaudion,Guernsey,831
Le Brocq,Guernsey,831
Mourant,Guernsey,831
Le Ruez,Guernsey,831
Vardon,Guernsey,831
Le Pelley,Guernsey,831
Duquemin,Guernsey,831
Le Mesurier,Guernsey,831
Hamon,Guernsey,831
Le Normand,Guernsey,831
Le Gresley,Guernsey,831
Le Moignan,Guernsey,831
Le Ray,Guernsey,831
Le Sauvage,Guernsey,831
Le Tissier,Guernsey,831
Le Tocq,Guernsey,831
Leale,Guernsey,831
Lihou,Guernsey,831
Mahy,Guernsey,831
Marquand,Guernsey,831
Martel,Guernsey,831
Moullin,Guernsey,831
Nicolle,Guernsey,831
Ozard,Guernsey,831
Pouclée,Guernsey,831
Rihoy,Guernsey,831
Romeril,Guernsey,831
Simon,Guernsey,831
Stevens,Guernsey,831
Tardif,Guernsey,831
Vaudin,Guernsey,831
Rossi,San Marino,674
Bianchi,San Marino,674
Casali,San Marino,674
Mori,San Marino,674
Fabbri,San Marino,674
Righi,San Marino,674
Giuliani,San Marino,674
Berti,San Marino,674
Amici,San Marino,674
Mazzoni,San Marino,674
Parisi,San Marino,674
Rinaldi,San Marino,674
Benedetti,San Marino,674
Cesarini,San Marino,674
Giovannini,San Marino,674
Rosi,San Marino,674
Bacci,San Marino,674
Moretti,San Marino,674
Ceruti,San Marino,674
Ravaioli,San Marino,674
Baldini,San Marino,674
Castrillón,Gibraltar,292
García,Gibraltar,292
Hernandez,Gibraltar,292
Gonzalez,Gibraltar,292
Romano,Gibraltar,292
Pérez,Gibraltar,292
Sánchez,Gibraltar,292
Martínez,Gibraltar,292
Rodríguez,Gibraltar,292
López,Gibraltar,292
Díaz,Gibraltar,292
Gómez,Gibraltar,292
Jiménez,Gibraltar,292
Fernández,Gibraltar,292
Torres,Gibraltar,292
Santos,Gibraltar,292
Ramos,Gibraltar,292
Ortiz,Gibraltar,292
Márquez,Gibraltar,292
Álvarez,Gibraltar,292
Domingo,Gibraltar,292
Reyes,Gibraltar,292
Cruz,Gibraltar,292
Vargas,Gibraltar,292
León,Gibraltar,292
Morales,Gibraltar,292
Gutiérrez,Gibraltar,292
Núñez,Gibraltar,292
Blanco,Gibraltar,292
Ríos,Gibraltar,292
Silva,Gibraltar,292
Fuentes,Gibraltar,292
Cortés,Gibraltar,292
Vega,Gibraltar,292
Ojeda,Gibraltar,292
Pacheco,Gibraltar,292
Salgado,Gibraltar,292
Herrera,Gibraltar,292
Aguilar,Gibraltar,292
Mendoza,Gibraltar,292
Bernal,Gibraltar,292
Soto,Gibraltar,292
Rivera,Gibraltar,292
Gonzales,Gibraltar,292
Cano,Gibraltar,292
Vázquez,Gibraltar,292
Luna,Gibraltar,292
Escobar,Gibraltar,292
Flores,Gibraltar,292
Cárdenas,Gibraltar,292
Rojas,Gibraltar,292
Pineda,Gibraltar,292
Arias,Gibraltar,292
Grimaldi,Monaco,492
Pellegrino,Monaco,492
Bertolotti,Monaco,492
Vatrican,Monaco,492
Lefebvre,Monaco,492
Dujardin,Monaco,492
Roussel,Monaco,492
Pascal,Monaco,492
Girardi,Monaco,492
Biancheri,Monaco,492
Marquet,Monaco,492
Cottone,Monaco,492
Ferrand,Monaco,492
Riva,Monaco,492
Bailly,Monaco,492
Ducruet,Monaco,492
César,Monaco,492
Bouquet,Monaco,492
Lombardi,Monaco,492
Roustan,Monaco,492
Carrara,Monaco,492
Bordes,Monaco,492
Viale,Monaco,492
Pétronille,Monaco,492
Bourdet,Monaco,492
Rouquier,Monaco,492
Cagnoli,Monaco,492
Dagostino,Monaco,492
Bertin,Monaco,492
Lefort,Monaco,492
Césari,Monaco,492
Bouvier,Monaco,492
Carrère,Monaco,492
Bernini,Vatican City,336
Rossi,Vatican City,336
Bianchi,Vatican City,336
Ricci,Vatican City,336
De Luca,Vatican City,336
Esposito,Vatican City,336
Ferrari,Vatican City,336
Mancini,Vatican City,336
Marino,Vatican City,336
Moretti,Vatican City,336
Oliva,Vatican City,336
Pellegrino,Vatican City,336
Rizzo,Vatican City,336
Santoro,Vatican City,336
Tosti,Vatican City,336
Vitali,Vatican City,336
Zanetti,Vatican City,336
Amato,Vatican City,336
Bruno,Vatican City,336
Caselli,Vatican City,336
De Santis,Vatican City,336
Falcone,Vatican City,336
Gagliardi,Vatican City,336
Iorio,Vatican City,336
Lombardi,Vatican City,336
Maiorino,Vatican City,336
Neri,Vatican City,336
Orlando,Vatican City,336
Palmieri,Vatican City,336
Quagliarello,Vatican City,336
Ranieri,Vatican City,336
Sabatino,Vatican City,336
Taccone,Vatican City,336
Ursino,Vatican City,336
Vinci,Vatican City,336
Zito,Vatican City,336
Abate,Vatican City,336
Baglioni,Vatican City,336
Cappelli,Vatican City,336
D'Alessandro,Vatican City,336
Fantoni,Vatican City,336
Gallo,Vatican City,336
Iacovelli,Vatican City,336
Lippi,Vatican City,336
Manganiello,Vatican City,336
Nobili,Vatican City,336
Olivieri,Vatican City,336
Pasquini,Vatican City,336
Quaranta,Vatican City,336
Ruggiero,Vatican City,336
Sala,Vatican City,336
Torri,Vatican City,336
